tagID,datetime,event
1621,2017-06-21 08:00:10.850,entering
1621,2017-06-21 08:10:33.850,exiting
1621,2017-06-21 08:24:48.250,entering
1621,2017-06-21 08:51:23.450,entering
1621,2017-06-21 08:55:48.300,exiting
1621,2017-06-21 09:12:41.900,entering
1621,2017-06-21 09:27:15.300,exiting
1621,2017-06-21 10:03:14.850,entering
1621,2017-06-21 10:48:33.700,exiting
1621,2017-06-21 11:35:05.750,entering
1621,2017-06-21 11:43:25.300,exiting
1621,2017-06-21 12:41:51.500,entering
1621,2017-06-21 16:19:13.700,entering
1621,2017-06-21 16:31:35.850,exiting
1621,2017-06-21 16:36:12.450,entering
1621,2017-06-21 16:39:24.650,entering
1621,2017-06-21 17:29:38.250,entering
1621,2017-06-22 08:26:05.650,entering
1621,2017-06-22 08:51:48.450,exiting
1621,2017-06-22 09:18:43.350,entering
1621,2017-06-22 09:24:48.550,exiting
1621,2017-06-22 10:28:33.850,entering
1621,2017-06-22 10:39:17.850,exiting
1621,2017-06-22 11:35:33.800,entering
1621,2017-06-22 13:09:22.650,entering
1621,2017-06-22 15:05:08.850,entering
1621,2017-06-22 16:14:45.050,entering
1621,2017-06-22 17:41:39.250,entering
1621,2017-06-23 08:07:00.450,entering
1621,2017-06-23 08:19:32.450,entering
1621,2017-06-23 09:05:20.000,exiting
1621,2017-06-23 09:34:10.800,entering
1621,2017-06-23 09:37:41.800,exiting
1621,2017-06-23 10:08:15.850,entering
1621,2017-06-23 11:06:36.400,entering
1621,2017-06-23 11:27:19.200,exiting
1621,2017-06-23 11:55:10.800,entering
1621,2017-06-23 16:33:42.850,entering
1621,2017-06-23 16:47:43.900,entering
1621,2017-06-23 17:56:15.700,exiting
1621,2017-06-24 08:49:27.600,entering
1621,2017-06-24 08:52:44.100,exiting
1621,2017-06-24 09:56:43.250,exiting
1621,2017-06-24 10:01:36.900,exiting
1621,2017-06-24 10:28:07.500,entering
1621,2017-06-24 11:23:48.800,entering
1621,2017-06-24 11:54:31.400,entering
1621,2017-06-24 13:12:28.550,entering
1621,2017-06-24 14:16:45.350,entering
1621,2017-06-24 15:02:10.050,entering
1621,2017-06-24 15:45:42.500,entering
1621,2017-06-24 17:09:20.850,exiting
1621,2017-06-25 08:00:47.050,entering
1621,2017-06-25 08:26:29.600,exiting
1621,2017-06-25 09:22:36.550,entering
1621,2017-06-25 10:06:27.050,exiting
1621,2017-06-25 10:08:15.100,exiting
1621,2017-06-25 10:29:59.650,entering
1621,2017-06-25 11:55:50.850,exiting
1621,2017-06-25 12:34:13.500,entering
1621,2017-06-25 12:43:11.950,exiting
1621,2017-06-25 13:30:45.850,entering
1621,2017-06-25 14:06:36.800,exiting
1621,2017-06-25 15:15:12.600,entering
1621,2017-06-25 16:15:40.450,exiting
1621,2017-06-25 17:59:38.400,entering
1621,2017-06-26 10:37:27.100,exiting
1621,2017-06-26 12:34:20.850,entering
1621,2017-06-26 12:39:09.050,exiting
1621,2017-06-26 13:48:21.100,entering
516,2017-06-21 08:02:20.650,exiting
516,2017-06-21 08:03:31.850,entering
516,2017-06-21 17:54:52.700,entering
516,2017-06-22 10:51:28.250,entering
516,2017-06-22 11:01:35.300,entering
516,2017-06-22 14:00:11.200,entering
516,2017-06-22 15:22:19.950,exiting
516,2017-06-22 15:23:39.350,entering
516,2017-06-23 11:24:32.600,exiting
516,2017-06-23 11:26:30.600,entering
516,2017-06-23 16:49:59.500,entering
516,2017-06-24 08:59:28.800,entering
516,2017-06-24 14:23:20.150,entering
516,2017-06-24 15:50:23.100,entering
516,2017-06-25 09:29:15.950,entering
516,2017-06-25 10:31:11.200,entering
516,2017-06-25 11:09:56.050,entering
516,2017-06-26 14:45:51.450,exiting
516,2017-06-26 14:46:52.050,entering
516,2017-06-27 09:42:56.250,entering
516,2017-06-27 09:47:37.450,entering
516,2017-06-27 09:49:30.850,entering
516,2017-06-27 13:12:24.450,entering
516,2017-06-27 15:51:41.650,entering
516,2017-06-27 16:01:54.650,entering
516,2017-06-28 09:59:36.650,entering
677,2017-06-21 08:07:22.750,entering
677,2017-06-21 08:09:44.850,exiting
677,2017-06-21 08:43:01.050,entering
677,2017-06-21 08:45:30.500,exiting
677,2017-06-21 09:40:15.300,entering
677,2017-06-21 09:57:20.200,exiting
677,2017-06-21 12:03:41.600,entering
677,2017-06-21 14:41:22.300,entering
638,2017-06-21 08:07:52.250,entering
638,2017-06-21 08:20:22.250,exiting
638,2017-06-21 08:52:50.800,entering
638,2017-06-21 08:59:00.050,exiting
638,2017-06-21 09:17:19.100,entering
638,2017-06-21 09:22:21.500,exiting
638,2017-06-21 09:41:29.800,entering
638,2017-06-21 09:47:46.500,exiting
638,2017-06-21 10:19:32.050,entering
638,2017-06-22 08:47:10.850,exiting
638,2017-06-22 09:13:32.550,entering
638,2017-06-22 09:18:23.350,exiting
638,2017-06-22 09:32:36.750,entering
638,2017-06-22 09:51:11.600,entering
638,2017-06-22 09:56:03.950,exiting
638,2017-06-22 10:13:57.450,entering
638,2017-06-22 10:18:49.250,exiting
638,2017-06-22 10:53:35.650,entering
638,2017-06-23 09:38:34.600,exiting
638,2017-06-23 09:50:18.050,entering
638,2017-06-23 09:55:21.700,exiting
638,2017-06-23 10:11:40.050,entering
638,2017-06-23 10:16:36.350,exiting
638,2017-06-23 10:51:54.250,entering
638,2017-06-23 11:03:15.950,exiting
638,2017-06-23 11:43:18.400,entering
638,2017-06-24 08:01:42.400,entering
638,2017-06-24 09:36:22.450,entering
638,2017-06-24 10:02:14.700,entering
638,2017-06-24 10:33:25.500,entering
638,2017-06-24 10:58:28.700,exiting
638,2017-06-24 11:44:12.400,entering
638,2017-06-24 16:49:08.800,entering
638,2017-06-24 16:51:35.550,entering
638,2017-06-24 16:56:16.900,entering
638,2017-06-24 17:15:42.750,entering
638,2017-06-25 09:04:25.150,entering
638,2017-06-26 09:19:52.850,exiting
638,2017-06-26 09:44:44.550,exiting
638,2017-06-26 09:58:41.450,entering
638,2017-06-26 10:07:50.200,exiting
638,2017-06-26 11:37:31.250,exiting
638,2017-06-26 11:51:39.350,entering
638,2017-06-26 16:10:44.900,exiting
638,2017-06-26 17:43:50.000,exiting
638,2017-06-27 08:56:53.600,exiting
638,2017-06-27 09:13:17.450,entering
638,2017-06-27 09:20:05.200,exiting
638,2017-06-27 09:38:58.850,entering
638,2017-06-27 09:58:32.850,exiting
638,2017-06-27 10:23:07.850,entering
638,2017-06-28 08:16:07.250,exiting
197,2017-06-21 08:07:56.250,entering
197,2017-06-21 08:11:24.300,exiting
197,2017-06-21 08:28:03.650,entering
197,2017-06-21 08:37:01.650,exiting
197,2017-06-21 08:58:19.050,entering
197,2017-06-21 09:04:15.700,exiting
197,2017-06-21 10:43:30.250,exiting
197,2017-06-21 11:36:20.200,exiting
197,2017-06-21 13:10:58.100,entering
197,2017-06-21 17:35:50.350,entering
197,2017-06-22 08:03:44.150,exiting
197,2017-06-22 08:23:37.400,exiting
197,2017-06-22 08:50:43.900,exiting
197,2017-06-22 09:28:32.800,exiting
197,2017-06-22 11:11:33.300,exiting
197,2017-06-22 12:07:42.900,exiting
197,2017-06-22 14:33:58.650,exiting
197,2017-06-22 16:13:54.750,exiting
197,2017-06-24 09:07:51.850,entering
197,2017-06-24 10:24:33.900,exiting
197,2017-06-24 15:44:37.050,entering
1651,2017-06-21 08:09:02.300,entering
1651,2017-06-21 16:23:01.700,exiting
1651,2017-06-21 16:37:26.400,exiting
1651,2017-06-21 16:39:33.450,entering
1651,2017-06-21 16:57:44.800,exiting
1651,2017-06-21 17:08:17.850,exiting
1651,2017-06-21 17:11:01.350,entering
1651,2017-06-21 17:25:18.450,entering
1361,2017-06-21 08:09:09.250,exiting
1361,2017-06-21 08:32:43.100,entering
1361,2017-06-21 08:34:08.450,exiting
1361,2017-06-21 09:57:15.950,entering
1361,2017-06-21 09:59:45.750,entering
1361,2017-06-21 10:03:12.850,exiting
1361,2017-06-21 10:12:44.650,entering
1361,2017-06-21 10:17:17.650,exiting
1361,2017-06-21 12:40:03.400,entering
1361,2017-06-22 08:44:32.850,entering
1361,2017-06-22 10:18:02.050,entering
1361,2017-06-22 10:21:18.750,exiting
1361,2017-06-22 11:50:37.100,entering
1361,2017-06-23 08:41:02.250,exiting
1361,2017-06-23 10:41:12.500,entering
1361,2017-06-23 10:47:19.850,exiting
1361,2017-06-23 12:57:05.250,entering
1361,2017-06-23 13:05:24.100,exiting
1361,2017-06-23 13:53:43.300,entering
1361,2017-06-24 10:29:41.950,entering
1361,2017-06-24 10:38:46.500,exiting
1361,2017-06-24 10:59:32.100,entering
1361,2017-06-24 11:57:36.400,entering
1361,2017-06-24 14:19:05.550,entering
1361,2017-06-25 09:17:49.200,entering
1361,2017-06-25 10:29:46.450,exiting
1361,2017-06-25 10:49:45.050,entering
1361,2017-06-25 15:17:58.400,exiting
1361,2017-06-25 17:44:23.850,entering
1361,2017-06-26 08:35:36.700,exiting
1361,2017-06-26 10:34:17.850,entering
1361,2017-06-26 10:41:20.000,exiting
1361,2017-06-26 13:18:19.300,entering
1361,2017-06-26 13:28:23.950,exiting
1361,2017-06-27 08:42:24.500,exiting
1361,2017-06-27 08:51:45.150,entering
1361,2017-06-27 09:14:55.500,entering
1361,2017-06-27 09:16:34.850,exiting
1361,2017-06-27 10:18:52.850,entering
1361,2017-06-27 10:21:35.250,exiting
1361,2017-06-27 12:05:14.750,entering
1361,2017-06-27 12:09:48.050,exiting
1361,2017-06-27 14:47:53.600,entering
1361,2017-06-27 15:03:47.300,entering
1361,2017-06-27 15:05:29.250,exiting
1361,2017-06-27 16:23:56.250,entering
1361,2017-06-28 09:19:33.250,entering
1361,2017-06-28 10:41:09.650,exiting
1361,2017-06-28 11:46:04.100,exiting
1652,2017-06-21 08:09:11.300,exiting
1652,2017-06-21 08:39:47.450,entering
1652,2017-06-21 16:49:06.850,exiting
1652,2017-06-21 17:27:19.650,entering
1652,2017-06-21 17:30:35.250,exiting
1652,2017-06-22 08:02:55.850,entering
1652,2017-06-22 09:12:29.100,exiting
1652,2017-06-22 09:49:59.750,entering
1652,2017-06-22 17:54:50.250,entering
1652,2017-06-22 17:57:58.500,exiting
1652,2017-06-23 08:13:10.850,entering
1652,2017-06-23 08:21:17.700,entering
1652,2017-06-23 08:43:37.250,entering
1652,2017-06-23 14:45:05.450,exiting
1652,2017-06-23 14:46:20.450,entering
1652,2017-06-23 16:35:29.150,entering
1652,2017-06-23 17:58:33.600,exiting
1652,2017-06-24 08:21:32.600,exiting
1652,2017-06-24 08:42:36.600,entering
1652,2017-06-24 09:16:34.100,entering
1652,2017-06-24 10:15:35.500,entering
1652,2017-06-25 08:05:09.850,entering
1652,2017-06-25 08:15:42.250,exiting
1652,2017-06-25 08:38:20.400,entering
1652,2017-06-25 08:42:00.900,exiting
1652,2017-06-25 09:30:00.000,entering
1652,2017-06-25 16:43:03.700,exiting
1652,2017-06-26 09:02:36.450,exiting
1652,2017-06-26 09:14:21.050,entering
1652,2017-06-26 16:00:16.600,exiting
1652,2017-06-27 08:02:54.100,entering
1652,2017-06-27 08:17:21.700,exiting
1652,2017-06-27 08:35:30.500,entering
1652,2017-06-27 08:54:53.800,exiting
1652,2017-06-27 09:22:22.650,entering
1652,2017-06-27 09:30:11.150,exiting
1652,2017-06-27 11:27:45.600,entering
1652,2017-06-27 17:10:39.100,exiting
1652,2017-06-28 08:11:39.450,entering
1652,2017-06-28 09:10:51.650,entering
1609,2017-06-21 08:09:54.050,entering
1609,2017-06-21 08:30:23.750,entering
1609,2017-06-21 08:38:17.850,exiting
1609,2017-06-21 09:01:52.150,entering
1609,2017-06-21 16:22:30.100,entering
1609,2017-06-21 17:26:12.450,entering
1609,2017-06-22 09:01:00.650,entering
1609,2017-06-22 10:01:41.650,entering
1609,2017-06-22 15:03:38.800,exiting
1609,2017-06-22 15:15:57.550,entering
1609,2017-06-22 16:51:23.050,entering
1609,2017-06-22 17:21:30.250,entering
1609,2017-06-22 17:51:13.250,entering
1609,2017-06-23 08:53:41.650,exiting
1609,2017-06-23 09:47:34.950,entering
1609,2017-06-23 09:52:42.400,exiting
1609,2017-06-23 10:14:54.650,entering
1609,2017-06-23 10:18:40.050,exiting
1609,2017-06-23 11:00:35.800,entering
1609,2017-06-23 14:49:38.650,entering
1609,2017-06-23 15:29:19.800,entering
1609,2017-06-23 15:32:46.300,exiting
1609,2017-06-23 15:34:41.500,entering
1609,2017-06-23 16:03:21.450,exiting
1609,2017-06-23 16:51:17.900,entering
1609,2017-06-23 16:53:54.100,exiting
1609,2017-06-23 17:13:03.650,entering
1609,2017-06-23 17:14:44.200,exiting
1609,2017-06-23 17:42:51.600,entering
1609,2017-06-23 17:44:48.600,exiting
1609,2017-06-24 09:03:12.900,exiting
1609,2017-06-24 09:18:14.650,entering
1609,2017-06-24 09:52:37.850,entering
1609,2017-06-24 10:00:49.700,exiting
1609,2017-06-24 10:19:39.500,entering
1609,2017-06-24 10:23:30.300,exiting
1609,2017-06-24 11:13:31.600,entering
1609,2017-06-24 16:14:23.650,exiting
1609,2017-06-24 16:21:26.850,entering
1609,2017-06-24 17:14:22.550,entering
1609,2017-06-24 17:39:58.950,entering
1609,2017-06-25 08:08:33.250,entering
1609,2017-06-25 08:13:20.600,exiting
1609,2017-06-25 08:33:54.250,exiting
1609,2017-06-25 08:53:48.650,entering
1609,2017-06-25 08:58:43.250,exiting
1609,2017-06-25 09:25:29.550,entering
1609,2017-06-25 16:12:49.600,entering
1609,2017-06-25 16:26:10.000,entering
1609,2017-06-25 16:29:41.650,exiting
1609,2017-06-25 16:30:41.900,exiting
1609,2017-06-25 17:00:39.500,entering
1609,2017-06-25 17:28:16.100,entering
1609,2017-06-26 09:02:15.850,exiting
1609,2017-06-26 09:13:22.950,entering
1609,2017-06-26 15:33:06.850,exiting
1609,2017-06-26 15:38:06.200,entering
1609,2017-06-26 16:11:48.000,exiting
1609,2017-06-26 16:46:26.650,exiting
1609,2017-06-26 16:51:38.050,exiting
1609,2017-06-27 08:31:14.900,exiting
1609,2017-06-27 08:41:05.400,entering
1609,2017-06-27 08:49:40.000,exiting
1609,2017-06-27 09:01:11.050,entering
1609,2017-06-27 09:05:10.500,exiting
1609,2017-06-27 09:24:25.250,entering
1609,2017-06-27 09:39:00.650,entering
1609,2017-06-27 11:09:36.650,entering
1609,2017-06-27 11:29:01.050,exiting
1609,2017-06-27 11:36:38.250,entering
1609,2017-06-27 11:41:45.200,exiting
1609,2017-06-27 12:41:40.250,entering
1609,2017-06-27 15:56:24.200,entering
1609,2017-06-27 17:00:55.800,entering
1609,2017-06-27 17:45:43.200,entering
1609,2017-06-28 09:44:28.850,entering
1609,2017-06-28 11:19:15.300,entering
1609,2017-06-28 16:48:10.450,entering
1609,2017-06-28 16:58:06.100,exiting
1109,2017-06-21 08:10:19.500,entering
1109,2017-06-21 15:43:06.700,entering
1109,2017-06-21 17:58:52.250,entering
1109,2017-06-22 08:00:56.550,entering
1786,2017-06-21 08:14:13.450,exiting
1786,2017-06-21 09:28:57.850,entering
1786,2017-06-21 13:40:26.500,exiting
1786,2017-06-21 14:51:51.500,entering
1786,2017-06-21 14:59:47.950,exiting
1786,2017-06-21 15:21:33.400,entering
1786,2017-06-21 15:25:30.900,exiting
1786,2017-06-21 15:47:52.300,entering
1786,2017-06-21 15:54:36.400,exiting
1786,2017-06-21 16:37:23.250,exiting
1786,2017-06-21 16:44:18.550,exiting
1786,2017-06-22 08:54:24.450,exiting
1786,2017-06-22 10:10:10.250,entering
1786,2017-06-22 13:10:29.050,exiting
1786,2017-06-22 14:56:45.250,entering
1786,2017-06-22 15:03:50.350,exiting
1786,2017-06-22 15:19:43.150,entering
1237,2017-06-21 08:18:54.450,entering
1237,2017-06-21 09:09:28.900,exiting
1237,2017-06-21 09:22:16.100,entering
1237,2017-06-21 09:36:01.000,exiting
1237,2017-06-21 09:46:43.300,entering
1237,2017-06-21 16:06:24.900,exiting
1237,2017-06-21 16:09:15.250,entering
1237,2017-06-21 16:51:37.850,entering
1237,2017-06-21 17:17:13.750,entering
1237,2017-06-21 17:53:49.250,entering
1237,2017-06-22 08:18:14.450,entering
1237,2017-06-22 08:56:02.150,entering
1237,2017-06-22 09:00:53.150,exiting
1237,2017-06-22 09:40:59.050,entering
1237,2017-06-22 14:50:52.700,exiting
1237,2017-06-22 16:19:50.100,entering
1237,2017-06-22 16:56:08.200,exiting
1237,2017-06-22 17:22:44.050,entering
1237,2017-06-23 08:15:41.450,entering
1237,2017-06-23 08:33:12.650,exiting
1237,2017-06-23 08:49:22.650,entering
1237,2017-06-23 09:27:41.800,entering
1237,2017-06-23 09:30:35.500,exiting
1237,2017-06-23 09:48:03.400,entering
1237,2017-06-23 09:56:21.450,exiting
1237,2017-06-23 10:15:37.350,entering
1237,2017-06-23 14:48:00.650,entering
1237,2017-06-23 15:44:27.500,entering
1237,2017-06-23 15:59:41.550,entering
1237,2017-06-23 16:36:21.600,entering
1237,2017-06-23 16:39:07.300,exiting
1237,2017-06-23 17:06:05.400,entering
1237,2017-06-23 17:07:20.450,exiting
1237,2017-06-23 17:57:54.600,entering
1237,2017-06-24 08:08:16.400,entering
1237,2017-06-24 09:36:36.850,entering
1237,2017-06-24 10:32:35.300,entering
1237,2017-06-24 11:48:58.000,exiting
1237,2017-06-24 11:57:12.150,entering
1237,2017-06-24 12:30:35.900,entering
1237,2017-06-24 12:41:20.950,exiting
1237,2017-06-24 13:07:08.350,entering
1237,2017-06-24 17:29:01.050,entering
1237,2017-06-25 08:07:25.050,entering
1237,2017-06-25 08:15:03.850,exiting
1237,2017-06-25 08:30:05.450,entering
1237,2017-06-25 08:48:37.850,entering
1237,2017-06-25 08:52:25.650,exiting
1237,2017-06-25 09:41:22.550,entering
1237,2017-06-25 14:41:48.250,exiting
1237,2017-06-25 14:48:37.450,entering
1237,2017-06-25 17:11:58.850,entering
1237,2017-06-25 17:13:24.250,exiting
1237,2017-06-26 08:02:28.900,exiting
1237,2017-06-26 08:09:55.700,entering
1237,2017-06-26 08:56:53.950,exiting
1237,2017-06-26 09:09:34.250,entering
1237,2017-06-26 10:24:24.200,exiting
1237,2017-06-26 11:13:17.350,entering
1237,2017-06-26 11:33:59.300,exiting
1237,2017-06-26 11:54:21.650,entering
1237,2017-06-26 14:02:52.250,exiting
1237,2017-06-27 08:05:27.900,exiting
1237,2017-06-27 08:26:28.850,entering
1237,2017-06-27 08:31:09.300,exiting
1237,2017-06-27 08:45:02.300,entering
1237,2017-06-27 08:47:57.500,exiting
1237,2017-06-27 09:03:41.850,entering
1237,2017-06-27 09:07:48.100,exiting
1237,2017-06-27 09:57:44.250,entering
1237,2017-06-27 10:10:09.850,exiting
1237,2017-06-27 10:32:16.450,entering
1237,2017-06-27 11:31:29.000,exiting
1237,2017-06-27 13:57:56.450,entering
1237,2017-06-27 14:04:25.400,exiting
1237,2017-06-27 15:41:34.450,entering
1237,2017-06-27 15:49:18.050,exiting
1237,2017-06-27 17:07:18.000,entering
1237,2017-06-27 17:11:50.800,exiting
1237,2017-06-28 08:21:34.400,exiting
930,2017-06-21 08:32:43.700,entering
930,2017-06-21 09:57:16.300,entering
930,2017-06-22 08:21:26.900,exiting
930,2017-06-23 08:24:59.700,entering
930,2017-06-23 13:05:27.900,exiting
930,2017-06-24 09:01:15.850,entering
930,2017-06-25 08:26:20.450,exiting
930,2017-06-25 10:29:44.000,exiting
930,2017-06-26 13:18:19.500,entering
930,2017-06-27 09:14:56.350,entering
930,2017-06-27 12:05:14.850,entering
930,2017-06-27 14:47:53.800,entering
1900,2017-06-21 08:46:22.250,exiting
1900,2017-06-21 08:47:32.450,entering
1900,2017-06-22 11:39:30.300,entering
1900,2017-06-22 13:46:52.850,exiting
1900,2017-06-22 13:48:12.650,entering
1900,2017-06-22 13:49:16.650,entering
1900,2017-06-23 10:10:17.450,entering
1900,2017-06-23 16:36:38.800,exiting
1900,2017-06-24 09:56:53.150,entering
1900,2017-06-24 15:43:11.250,entering
1900,2017-06-24 16:04:44.100,exiting
1900,2017-06-24 16:06:04.600,entering
1900,2017-06-24 16:10:51.450,entering
1900,2017-06-24 16:12:34.050,entering
1900,2017-06-24 16:33:31.350,entering
1900,2017-06-24 16:52:59.250,entering
1900,2017-06-24 17:06:16.600,entering
1900,2017-06-25 09:14:55.750,entering
1900,2017-06-25 09:44:09.350,entering
1900,2017-06-25 09:48:57.750,entering
1404,2017-06-21 08:50:12.700,exiting
1404,2017-06-21 08:52:39.450,entering
1404,2017-06-21 09:58:11.300,entering
1404,2017-06-21 14:16:43.000,entering
1404,2017-06-21 15:58:45.700,entering
1404,2017-06-21 16:01:34.700,exiting
1404,2017-06-21 16:16:24.450,entering
1404,2017-06-21 16:24:02.850,exiting
1404,2017-06-21 16:40:05.450,entering
1404,2017-06-21 17:09:44.450,entering
1230,2017-06-21 08:53:06.300,exiting
1230,2017-06-21 09:05:34.900,entering
1230,2017-06-21 09:12:41.300,exiting
1230,2017-06-21 09:34:13.900,exiting
1230,2017-06-21 11:08:49.150,exiting
1230,2017-06-21 11:13:44.250,entering
1230,2017-06-21 11:15:05.750,entering
1230,2017-06-21 11:20:49.500,exiting
1230,2017-06-21 11:26:19.650,entering
1230,2017-06-21 11:31:35.150,entering
1230,2017-06-21 11:34:10.000,exiting
1230,2017-06-21 11:36:27.200,entering
1230,2017-06-21 11:37:40.800,exiting
1230,2017-06-21 11:45:58.350,exiting
1230,2017-06-21 11:47:07.100,exiting
1230,2017-06-21 11:48:24.750,entering
1230,2017-06-21 11:51:09.900,exiting
1230,2017-06-21 11:53:51.250,exiting
1230,2017-06-21 12:04:21.350,entering
1230,2017-06-21 12:06:31.050,exiting
1230,2017-06-21 12:07:56.650,exiting
1230,2017-06-21 12:11:08.650,entering
1230,2017-06-21 12:14:48.700,exiting
1230,2017-06-21 12:18:28.350,exiting
1230,2017-06-21 12:20:53.600,entering
1230,2017-06-21 12:25:00.700,exiting
1230,2017-06-21 12:36:23.200,exiting
1230,2017-06-21 12:41:17.050,entering
1230,2017-06-21 15:10:45.850,exiting
1230,2017-06-21 15:13:37.100,entering
1230,2017-06-21 17:08:01.850,entering
1230,2017-06-22 08:46:13.050,entering
1230,2017-06-22 09:33:01.350,entering
1230,2017-06-22 09:54:23.850,exiting
1230,2017-06-22 10:07:28.850,entering
1230,2017-06-22 15:41:19.950,exiting
1230,2017-06-22 15:44:43.150,entering
1230,2017-06-22 17:39:00.450,entering
1230,2017-06-22 17:41:15.150,exiting
1230,2017-06-23 08:40:58.900,exiting
1230,2017-06-23 10:03:49.250,entering
1230,2017-06-23 10:39:19.550,entering
1230,2017-06-23 10:46:47.150,entering
1230,2017-06-23 13:22:04.150,entering
1230,2017-06-23 13:23:17.050,exiting
1230,2017-06-23 13:26:31.500,entering
1230,2017-06-23 13:32:15.500,entering
1230,2017-06-23 13:41:00.100,entering
1230,2017-06-23 13:51:56.050,exiting
1230,2017-06-23 13:55:33.050,entering
1230,2017-06-23 14:41:55.550,exiting
1230,2017-06-23 14:49:56.400,entering
1230,2017-06-23 15:29:34.100,exiting
1230,2017-06-23 15:30:58.900,entering
1415,2017-06-21 09:05:45.500,entering
1415,2017-06-21 14:20:37.800,entering
1415,2017-06-21 15:20:01.200,entering
1415,2017-06-21 16:13:11.850,entering
1415,2017-06-21 16:24:24.750,exiting
1415,2017-06-21 17:59:48.650,entering
1415,2017-06-22 08:41:18.250,exiting
1415,2017-06-22 09:06:25.950,entering
1415,2017-06-22 09:38:59.800,exiting
1415,2017-06-22 10:33:41.400,entering
1407,2017-06-21 09:15:17.250,exiting
1407,2017-06-21 09:16:33.100,entering
1407,2017-06-21 09:37:54.550,exiting
1407,2017-06-21 09:48:34.300,entering
1407,2017-06-21 13:19:23.850,exiting
1407,2017-06-21 13:30:38.850,exiting
1407,2017-06-21 13:31:57.600,exiting
1407,2017-06-21 13:33:41.700,entering
1407,2017-06-21 13:51:52.250,exiting
1407,2017-06-21 13:53:29.900,entering
1407,2017-06-21 16:00:02.450,entering
1407,2017-06-21 16:09:29.800,entering
1407,2017-06-21 16:45:42.200,entering
1407,2017-06-21 16:56:35.100,exiting
1407,2017-06-21 16:58:25.650,entering
1407,2017-06-21 17:02:02.350,entering
1407,2017-06-21 17:49:48.050,entering
1407,2017-06-21 17:53:00.550,exiting
1407,2017-06-22 08:55:28.350,entering
1407,2017-06-22 09:27:27.750,entering
1407,2017-06-22 11:10:03.500,exiting
1407,2017-06-22 11:25:55.900,entering
1407,2017-06-22 14:37:47.950,entering
1407,2017-06-22 14:47:24.800,entering
1407,2017-06-22 15:02:55.800,entering
1407,2017-06-22 15:09:25.150,entering
1407,2017-06-22 15:35:01.700,exiting
1407,2017-06-22 15:38:07.550,entering
1407,2017-06-22 15:47:04.800,entering
1407,2017-06-23 09:40:52.900,entering
1407,2017-06-23 09:51:06.000,entering
1407,2017-06-23 10:37:59.850,entering
1407,2017-06-23 10:53:30.600,entering
1407,2017-06-23 11:29:36.750,exiting
1407,2017-06-23 12:35:50.950,entering
1407,2017-06-23 14:36:46.350,exiting
1407,2017-06-23 14:52:01.150,entering
1407,2017-06-23 15:16:05.700,entering
1407,2017-06-23 15:24:29.900,entering
1407,2017-06-23 16:32:55.100,exiting
1407,2017-06-23 17:27:51.400,entering
1407,2017-06-24 08:21:16.200,exiting
1407,2017-06-24 09:02:58.850,entering
1407,2017-06-24 09:40:22.900,entering
1407,2017-06-24 09:51:12.850,exiting
1407,2017-06-24 11:00:35.900,entering
1407,2017-06-24 13:06:13.550,entering
1407,2017-06-24 13:36:55.150,exiting
1407,2017-06-24 14:06:52.800,entering
1407,2017-06-24 15:18:52.700,entering
2487,2017-06-21 09:32:24.700,entering
2487,2017-06-21 09:55:27.800,exiting
2487,2017-06-21 10:32:23.300,entering
2487,2017-06-21 10:43:30.450,exiting
2487,2017-06-21 11:15:16.750,entering
2487,2017-06-21 12:05:11.000,entering
2487,2017-06-21 16:12:11.050,exiting
2487,2017-06-21 16:33:29.650,entering
2487,2017-06-22 08:00:57.650,entering
2487,2017-06-22 08:03:39.250,entering
2487,2017-06-22 08:23:36.650,exiting
2487,2017-06-22 09:18:19.850,entering
2487,2017-06-22 10:58:54.750,entering
2487,2017-06-22 11:11:32.800,exiting
2487,2017-06-22 12:07:42.250,exiting
2487,2017-06-22 13:10:09.450,exiting
2487,2017-06-22 15:16:52.900,entering
2487,2017-06-22 16:13:58.850,exiting
2487,2017-06-23 09:08:55.000,exiting
2487,2017-06-23 09:38:04.300,entering
2487,2017-06-23 09:56:09.200,exiting
2487,2017-06-23 11:30:31.450,exiting
2487,2017-06-24 08:36:48.600,exiting
2487,2017-06-24 09:49:40.550,entering
2487,2017-06-24 10:24:33.700,exiting
2487,2017-06-24 10:25:52.750,entering
2487,2017-06-24 14:20:27.800,entering
2487,2017-06-24 15:44:37.650,entering
1797,2017-06-21 09:41:06.300,entering
1797,2017-06-21 09:50:17.750,exiting
1797,2017-06-21 09:51:19.300,entering
1797,2017-06-21 14:37:35.400,entering
1797,2017-06-21 14:47:19.650,entering
1797,2017-06-21 15:53:27.100,exiting
1797,2017-06-21 16:25:06.300,entering
1797,2017-06-21 17:10:37.250,entering
1797,2017-06-22 08:03:52.900,entering
1797,2017-06-22 08:58:10.850,exiting
1797,2017-06-22 10:29:07.250,entering
1797,2017-06-22 15:44:58.700,entering
1797,2017-06-22 16:44:11.350,exiting
1797,2017-06-22 17:49:41.650,entering
1797,2017-06-23 08:04:48.850,entering
1797,2017-06-23 08:29:42.950,entering
1797,2017-06-23 09:15:20.400,exiting
1797,2017-06-23 10:01:17.450,entering
1797,2017-06-23 16:56:35.700,entering
1797,2017-06-23 17:53:31.800,entering
1797,2017-06-24 08:09:50.800,entering
1797,2017-06-24 08:37:45.000,exiting
1797,2017-06-24 09:02:21.250,entering
1797,2017-06-24 09:44:35.900,entering
1797,2017-06-24 10:32:04.100,entering
1797,2017-06-24 11:59:00.250,entering
1797,2017-06-24 17:13:39.650,entering
1797,2017-06-25 08:12:22.500,entering
1797,2017-06-25 08:18:43.650,exiting
1797,2017-06-25 08:49:28.950,entering
1797,2017-06-25 10:55:29.650,entering
1797,2017-06-25 15:18:35.350,entering
1797,2017-06-25 15:39:26.100,entering
1797,2017-06-25 16:05:49.300,entering
1797,2017-06-25 16:09:37.250,exiting
1797,2017-06-25 16:49:42.500,exiting
1797,2017-06-25 16:52:03.300,exiting
1797,2017-06-25 17:46:57.050,entering
1797,2017-06-26 08:59:04.500,exiting
1797,2017-06-26 09:26:50.050,entering
1797,2017-06-26 12:37:41.050,entering
1797,2017-06-26 12:39:25.700,entering
1797,2017-06-26 14:34:05.250,exiting
1797,2017-06-26 14:45:09.050,entering
1797,2017-06-26 15:38:22.550,entering
1797,2017-06-26 16:06:32.350,exiting
1797,2017-06-26 17:05:06.550,entering
1797,2017-06-26 17:16:42.250,exiting
1797,2017-06-27 08:18:44.300,exiting
1797,2017-06-27 08:44:47.350,entering
1797,2017-06-27 08:51:28.500,exiting
1797,2017-06-27 09:06:24.650,entering
1797,2017-06-27 09:14:42.850,exiting
1797,2017-06-27 09:28:53.750,entering
1797,2017-06-27 09:35:47.850,exiting
1797,2017-06-27 10:21:42.050,entering
1797,2017-06-27 10:23:27.850,exiting
1797,2017-06-27 12:41:51.350,entering
1797,2017-06-27 15:08:04.900,exiting
1797,2017-06-27 15:19:01.850,entering
1797,2017-06-27 16:11:27.750,exiting
1797,2017-06-27 17:06:56.200,entering
1797,2017-06-27 17:23:41.500,exiting
1797,2017-06-28 09:28:31.950,exiting
1797,2017-06-28 10:05:05.400,exiting
1797,2017-06-28 10:58:05.700,entering
1797,2017-06-28 11:07:01.700,entering
1797,2017-06-28 12:26:09.000,entering
508,2017-06-21 10:20:14.450,exiting
508,2017-06-21 12:15:25.800,entering
508,2017-06-22 10:18:31.650,entering
508,2017-06-22 10:39:15.450,entering
508,2017-06-22 12:03:11.700,entering
508,2017-06-23 09:56:07.000,entering
508,2017-06-23 12:02:08.550,exiting
508,2017-06-24 08:10:44.650,exiting
508,2017-06-24 11:04:18.650,exiting
508,2017-06-24 11:53:37.300,entering
508,2017-06-24 16:59:30.700,entering
508,2017-06-25 08:40:28.800,exiting
508,2017-06-25 09:36:37.150,entering
508,2017-06-25 10:51:04.450,exiting
508,2017-06-25 12:30:00.500,entering
508,2017-06-25 15:54:08.200,entering
508,2017-06-26 08:00:17.300,entering
508,2017-06-26 08:23:00.800,exiting
508,2017-06-26 08:50:56.300,entering
508,2017-06-26 09:15:54.650,exiting
508,2017-06-26 12:40:35.850,entering
508,2017-06-26 16:53:01.300,exiting
508,2017-06-27 08:55:43.500,exiting
508,2017-06-27 09:35:44.700,entering
508,2017-06-27 09:37:19.850,exiting
508,2017-06-27 10:10:18.650,entering
508,2017-06-27 10:11:22.450,exiting
508,2017-06-27 11:30:23.550,entering
508,2017-06-27 11:32:55.850,exiting
508,2017-06-27 13:08:48.250,entering
508,2017-06-27 13:56:00.350,exiting
508,2017-06-27 14:38:17.200,entering
508,2017-06-28 09:16:20.250,entering
508,2017-06-28 09:19:15.700,exiting
508,2017-06-28 10:22:45.400,entering
515,2017-06-21 11:01:13.050,exiting
515,2017-06-21 11:02:41.250,entering
515,2017-06-21 13:16:07.650,exiting
515,2017-06-21 16:49:34.900,entering
515,2017-06-21 17:55:31.650,entering
515,2017-06-22 14:02:29.100,exiting
515,2017-06-22 14:05:19.500,entering
515,2017-06-22 14:12:54.850,exiting
515,2017-06-22 15:17:37.350,entering
515,2017-06-22 17:23:15.850,entering
515,2017-06-22 17:27:37.650,exiting
515,2017-06-23 14:20:42.950,entering
515,2017-06-23 14:24:45.750,exiting
515,2017-06-24 10:22:33.100,entering
515,2017-06-24 15:32:05.950,exiting
515,2017-06-26 12:00:25.400,entering
515,2017-06-26 15:06:32.700,exiting
515,2017-06-27 08:03:08.100,exiting
515,2017-06-27 09:28:04.850,exiting
515,2017-06-27 13:24:32.350,exiting
515,2017-06-27 16:32:27.650,entering
1698,2017-06-21 11:15:06.650,entering
1698,2017-06-21 11:22:09.350,entering
1698,2017-06-21 13:55:08.350,entering
1698,2017-06-21 16:43:43.250,entering
1698,2017-06-21 16:47:14.250,entering
1698,2017-06-21 17:12:32.650,entering
1698,2017-06-21 17:27:50.250,entering
1698,2017-06-21 17:44:50.900,entering
1698,2017-06-21 17:47:22.750,entering
1698,2017-06-21 17:53:15.300,entering
1698,2017-06-21 17:56:09.000,entering
1698,2017-06-21 17:59:52.450,exiting
1698,2017-06-22 10:40:24.300,entering
1698,2017-06-22 10:44:13.700,entering
1698,2017-06-22 11:00:00.850,entering
1698,2017-06-22 11:56:58.800,entering
1698,2017-06-22 12:26:48.000,entering
1698,2017-06-22 13:00:28.950,entering
1698,2017-06-22 13:03:19.650,entering
1698,2017-06-22 14:05:00.950,entering
1698,2017-06-22 14:16:14.100,entering
1698,2017-06-22 14:25:17.500,entering
1698,2017-06-22 14:38:32.250,entering
1698,2017-06-23 10:26:08.550,entering
1698,2017-06-23 10:40:04.850,entering
1698,2017-06-23 10:46:18.600,entering
1698,2017-06-23 10:57:06.900,entering
1698,2017-06-23 11:21:10.450,entering
1698,2017-06-23 11:27:23.350,entering
1698,2017-06-23 12:21:19.900,entering
1698,2017-06-23 12:30:26.950,entering
1698,2017-06-23 12:34:10.150,entering
1698,2017-06-23 13:19:09.000,entering
1698,2017-06-23 13:22:19.550,entering
1698,2017-06-23 14:24:04.450,entering
1698,2017-06-23 16:30:34.700,entering
1698,2017-06-24 08:09:46.000,entering
1698,2017-06-24 09:29:15.650,entering
1698,2017-06-24 11:00:00.000,entering
1698,2017-06-24 11:22:16.200,entering
1698,2017-06-24 11:30:06.400,entering
1698,2017-06-24 11:51:11.900,entering
1698,2017-06-24 11:58:42.950,entering
1698,2017-06-24 12:05:10.950,entering
1698,2017-06-24 12:17:30.400,entering
1698,2017-06-24 12:22:33.500,entering
1698,2017-06-24 12:32:48.700,entering
1698,2017-06-24 12:34:24.750,entering
1698,2017-06-24 12:35:50.400,entering
1698,2017-06-24 12:39:20.150,entering
1698,2017-06-24 12:47:40.000,entering
1698,2017-06-24 12:52:17.900,exiting
1698,2017-06-24 12:54:08.250,exiting
1698,2017-06-24 12:56:04.150,entering
1698,2017-06-24 12:58:25.750,entering
1698,2017-06-24 13:05:20.800,entering
1698,2017-06-24 13:08:39.850,entering
517,2017-06-21 11:27:39.150,exiting
517,2017-06-21 11:28:56.150,entering
517,2017-06-21 14:34:25.800,exiting
517,2017-06-21 14:51:37.650,entering
517,2017-06-21 14:57:22.000,exiting
517,2017-06-21 15:21:03.250,entering
517,2017-06-21 15:49:01.100,entering
517,2017-06-21 17:07:49.250,exiting
517,2017-06-21 17:38:18.250,entering
517,2017-06-22 09:13:13.950,entering
517,2017-06-22 10:12:56.700,exiting
517,2017-06-22 10:20:48.850,entering
517,2017-06-22 10:26:40.050,exiting
517,2017-06-22 10:38:33.250,entering
517,2017-06-22 10:43:58.250,exiting
517,2017-06-22 10:56:59.250,entering
517,2017-06-22 11:00:43.900,exiting
517,2017-06-22 11:14:04.900,entering
517,2017-06-22 11:22:40.000,exiting
517,2017-06-22 11:42:17.900,entering
517,2017-06-22 11:49:09.900,exiting
517,2017-06-22 12:06:58.900,entering
517,2017-06-22 12:37:26.150,entering
517,2017-06-22 13:31:17.500,exiting
517,2017-06-22 13:32:32.850,entering
517,2017-06-23 09:14:53.600,entering
517,2017-06-23 11:06:17.700,exiting
517,2017-06-23 11:19:45.600,entering
517,2017-06-23 11:25:55.600,exiting
517,2017-06-23 11:40:32.400,entering
517,2017-06-23 11:52:16.600,exiting
517,2017-06-23 12:06:57.250,entering
517,2017-06-23 12:15:18.850,exiting
517,2017-06-23 12:27:52.550,entering
517,2017-06-23 12:41:44.300,exiting
517,2017-06-23 12:56:41.450,entering
517,2017-06-23 13:06:23.700,exiting
517,2017-06-23 13:23:51.350,entering
517,2017-06-23 13:42:34.300,exiting
517,2017-06-23 14:04:58.950,entering
517,2017-06-24 09:34:23.150,entering
517,2017-06-24 11:54:45.400,entering
517,2017-06-24 12:24:37.750,entering
517,2017-06-24 12:32:37.100,exiting
517,2017-06-24 12:52:05.950,entering
517,2017-06-24 13:30:44.850,entering
517,2017-06-24 17:16:54.050,exiting
517,2017-06-25 09:51:29.100,exiting
517,2017-06-25 10:06:41.650,entering
517,2017-06-25 10:12:14.850,entering
517,2017-06-25 10:21:20.550,entering
517,2017-06-25 10:38:28.250,entering
517,2017-06-26 08:25:41.650,entering
517,2017-06-26 11:21:22.600,exiting
517,2017-06-26 11:24:50.950,entering
517,2017-06-26 12:13:38.450,exiting
517,2017-06-26 12:47:42.300,exiting
517,2017-06-26 12:58:37.950,entering
517,2017-06-26 15:10:06.300,entering
517,2017-06-26 16:37:08.000,entering
517,2017-06-26 16:44:30.000,exiting
517,2017-06-26 16:47:23.050,entering
517,2017-06-27 09:11:17.200,entering
517,2017-06-27 10:53:04.650,exiting
517,2017-06-27 11:24:56.100,entering
517,2017-06-27 11:29:18.050,exiting
517,2017-06-27 11:47:00.750,entering
517,2017-06-27 12:03:55.450,exiting
517,2017-06-27 12:20:44.250,entering
517,2017-06-27 12:55:33.350,exiting
517,2017-06-27 13:55:17.050,entering
517,2017-06-27 15:19:15.500,exiting
517,2017-06-27 15:33:48.650,entering
517,2017-06-28 13:28:46.600,entering
517,2017-06-28 13:38:44.050,entering
517,2017-06-28 13:48:20.550,entering
517,2017-06-28 14:15:52.400,entering
517,2017-06-28 16:29:24.800,entering
517,2017-06-28 17:16:36.450,entering
1607,2017-06-21 13:25:55.200,entering
1607,2017-06-21 13:27:01.500,entering
1607,2017-06-21 13:41:37.950,entering
1607,2017-06-21 13:46:43.500,exiting
1607,2017-06-21 13:48:29.800,exiting
1607,2017-06-21 13:52:04.900,entering
1607,2017-06-21 13:56:29.300,exiting
1607,2017-06-21 14:02:01.400,entering
1607,2017-06-21 14:13:30.250,entering
1607,2017-06-21 14:47:12.100,exiting
1607,2017-06-21 14:49:18.200,entering
1607,2017-06-21 14:52:26.350,entering
1607,2017-06-21 14:55:59.600,entering
1607,2017-06-21 14:59:02.450,exiting
1607,2017-06-21 15:02:20.500,exiting
1607,2017-06-21 15:07:07.050,entering
1607,2017-06-21 15:09:39.700,exiting
1607,2017-06-21 15:14:26.500,exiting
1607,2017-06-21 15:17:48.900,entering
1607,2017-06-21 16:16:17.650,exiting
1607,2017-06-21 16:18:16.000,entering
1607,2017-06-21 16:24:18.450,exiting
1607,2017-06-21 16:26:24.650,exiting
1607,2017-06-21 16:48:08.550,entering
1607,2017-06-21 16:54:37.500,exiting
1607,2017-06-21 16:57:36.850,exiting
1607,2017-06-21 17:01:25.650,exiting
1607,2017-06-21 17:04:56.050,exiting
1607,2017-06-21 17:09:40.850,entering
1607,2017-06-21 17:13:00.300,entering
1607,2017-06-22 08:23:44.250,exiting
1607,2017-06-22 08:34:30.250,entering
1607,2017-06-22 17:18:07.200,exiting
1607,2017-06-22 17:24:54.650,exiting
1607,2017-06-22 17:29:08.400,exiting
1607,2017-06-22 17:36:19.200,exiting
1607,2017-06-22 17:59:04.350,entering
1607,2017-06-23 11:16:21.950,entering
1607,2017-06-23 11:19:51.900,entering
1607,2017-06-23 11:26:00.150,entering
1607,2017-06-23 11:30:22.250,entering
1607,2017-06-23 11:41:18.600,entering
1607,2017-06-23 11:58:58.650,entering
1607,2017-06-23 12:03:11.150,entering
1607,2017-06-23 16:09:52.000,exiting
1607,2017-06-23 16:18:57.000,entering
1607,2017-06-23 16:33:11.400,exiting
1607,2017-06-23 16:49:51.750,entering
1607,2017-06-23 17:01:07.450,exiting
1607,2017-06-23 17:26:42.800,entering
1607,2017-06-23 17:30:28.400,exiting
1607,2017-06-23 17:59:08.200,entering
1607,2017-06-24 08:01:30.200,entering
1607,2017-06-24 16:02:49.900,entering
1607,2017-06-24 16:11:40.050,entering
1607,2017-06-24 16:34:54.850,exiting
1607,2017-06-24 16:36:35.200,entering
1607,2017-06-24 16:39:46.150,entering
1607,2017-06-24 17:17:11.450,entering
1607,2017-06-24 17:19:18.500,exiting
1607,2017-06-24 17:33:22.250,entering
1607,2017-06-25 08:07:28.350,exiting
1607,2017-06-25 08:21:59.050,entering
1607,2017-06-25 08:57:36.450,entering
1607,2017-06-25 10:24:09.400,exiting
1607,2017-06-25 10:28:03.000,exiting
1607,2017-06-25 10:32:58.050,entering
1607,2017-06-25 10:35:21.050,entering
1607,2017-06-25 14:37:39.650,entering
1607,2017-06-25 17:37:57.900,entering
1607,2017-06-25 17:40:06.850,exiting
1607,2017-06-26 11:53:06.100,entering
1607,2017-06-26 11:56:59.000,entering
1607,2017-06-26 11:59:48.400,entering
1607,2017-06-26 12:01:50.100,entering
1607,2017-06-26 13:14:12.550,exiting
1607,2017-06-26 13:17:54.200,entering
1607,2017-06-26 14:58:13.700,entering
1607,2017-06-26 15:09:41.000,entering
1607,2017-06-26 15:12:06.150,entering
1607,2017-06-26 16:13:40.850,exiting
1607,2017-06-26 16:18:46.150,entering
1607,2017-06-26 16:52:46.300,entering
1607,2017-06-26 16:54:12.250,exiting
1607,2017-06-26 16:56:45.300,entering
1607,2017-06-26 17:04:27.000,entering
1607,2017-06-26 17:06:00.350,exiting
1607,2017-06-26 17:07:24.900,exiting
1607,2017-06-26 17:11:45.550,entering
1607,2017-06-26 17:13:19.050,entering
1607,2017-06-26 17:17:15.950,entering
1607,2017-06-26 17:20:51.450,entering
1607,2017-06-26 17:24:48.550,exiting
1607,2017-06-26 17:51:42.450,entering
1607,2017-06-26 17:57:37.150,exiting
1607,2017-06-27 08:04:20.100,entering
1607,2017-06-27 08:10:07.900,exiting
1607,2017-06-27 08:22:37.900,entering
1607,2017-06-27 09:05:53.400,entering
1607,2017-06-27 09:53:48.650,exiting
1607,2017-06-27 09:55:52.900,entering
1607,2017-06-27 10:03:27.700,exiting
1607,2017-06-27 10:06:31.000,entering
1607,2017-06-27 10:18:01.450,entering
1607,2017-06-27 10:21:47.600,entering
1607,2017-06-27 10:35:53.450,exiting
1607,2017-06-27 10:38:40.850,entering
1607,2017-06-27 10:47:19.950,entering
1607,2017-06-27 10:51:50.850,entering
1607,2017-06-27 13:14:27.050,exiting
1607,2017-06-27 13:15:33.650,entering
1607,2017-06-27 15:52:20.650,entering
1607,2017-06-27 15:54:42.100,entering
1607,2017-06-27 15:59:36.850,entering
1607,2017-06-27 16:03:22.250,exiting
1607,2017-06-27 16:07:10.450,entering
1607,2017-06-28 08:08:34.450,entering
1607,2017-06-28 09:57:09.450,entering
1607,2017-06-28 09:59:40.450,exiting
1607,2017-06-28 10:06:48.600,entering
1607,2017-06-28 10:09:57.350,entering
1607,2017-06-28 10:13:07.700,entering
1607,2017-06-28 10:20:11.800,entering
1607,2017-06-28 10:25:21.800,entering
1607,2017-06-28 10:26:21.900,entering
1607,2017-06-28 10:28:15.100,entering
1607,2017-06-28 10:30:29.000,entering
1607,2017-06-28 10:34:00.350,entering
1607,2017-06-28 10:35:41.800,exiting
1607,2017-06-28 10:38:14.950,exiting
1607,2017-06-28 10:42:21.300,exiting
1607,2017-06-28 10:52:13.450,entering
1607,2017-06-28 10:55:35.050,entering
1607,2017-06-28 10:58:48.500,exiting
1607,2017-06-28 11:01:43.000,entering
1607,2017-06-28 11:05:06.900,entering
1607,2017-06-28 11:07:13.700,entering
1607,2017-06-28 11:09:14.850,exiting
1607,2017-06-28 11:10:51.300,entering
1607,2017-06-28 11:15:41.750,entering
1607,2017-06-28 11:19:17.150,entering
1607,2017-06-28 11:22:47.900,entering
1607,2017-06-28 11:25:46.350,entering
1607,2017-06-28 11:27:08.850,entering
1607,2017-06-28 11:42:18.400,entering
1607,2017-06-28 13:08:04.400,entering
1607,2017-06-28 14:15:38.150,entering
1607,2017-06-28 14:20:38.950,entering
1607,2017-06-28 14:58:25.350,entering
1607,2017-06-28 16:08:56.700,entering
1607,2017-06-28 16:41:52.050,exiting
1607,2017-06-28 17:04:27.650,exiting
1979,2017-06-21 13:57:46.800,exiting
1979,2017-06-21 13:59:52.700,entering
1979,2017-06-21 15:02:15.000,entering
1979,2017-06-21 16:48:17.550,entering
1780,2017-06-21 14:16:12.400,exiting
1780,2017-06-21 14:17:14.200,entering
1780,2017-06-22 08:17:14.850,entering
1780,2017-06-22 14:22:39.900,entering
1780,2017-06-23 09:06:09.500,entering
1780,2017-06-23 15:16:04.900,entering
1780,2017-06-23 15:52:58.500,entering
1780,2017-06-24 08:58:27.200,entering
1780,2017-06-24 13:23:39.950,exiting
1780,2017-06-24 13:26:25.000,entering
1780,2017-06-26 08:53:53.700,entering
1780,2017-06-26 08:59:48.100,exiting
1780,2017-06-26 09:07:45.650,entering
1780,2017-06-26 09:59:12.900,exiting
1780,2017-06-26 10:19:00.400,entering
1780,2017-06-26 10:53:27.200,exiting
1780,2017-06-26 11:09:13.100,entering
1780,2017-06-26 11:50:46.150,exiting
1780,2017-06-26 11:59:51.650,entering
1780,2017-06-26 12:26:20.650,entering
1780,2017-06-26 12:28:21.200,entering
1780,2017-06-26 12:41:56.200,entering
1780,2017-06-26 13:38:48.100,entering
1780,2017-06-26 13:53:54.550,exiting
1780,2017-06-26 13:55:04.100,entering
1780,2017-06-26 16:34:06.200,entering
1780,2017-06-26 16:52:29.450,exiting
1780,2017-06-26 16:56:07.050,entering
1780,2017-06-26 16:58:17.200,exiting
1780,2017-06-26 17:00:31.000,exiting
1780,2017-06-26 17:02:27.500,exiting
1780,2017-06-26 17:04:07.700,exiting
1780,2017-06-26 17:05:50.800,entering
1780,2017-06-26 17:13:05.000,exiting
1780,2017-06-26 17:14:10.300,entering
1780,2017-06-27 08:59:14.100,exiting
1780,2017-06-27 09:07:50.700,entering
1780,2017-06-27 09:11:18.650,exiting
1780,2017-06-27 09:41:42.750,exiting
1780,2017-06-27 10:51:32.850,entering
1780,2017-06-27 11:59:46.600,exiting
1780,2017-06-27 12:46:55.750,entering
1780,2017-06-28 08:59:57.100,exiting
1780,2017-06-28 10:30:30.600,entering
1780,2017-06-28 10:37:14.950,exiting
1780,2017-06-28 10:56:51.350,entering
1780,2017-06-28 11:01:20.100,entering
1722,2017-06-21 15:19:23.850,exiting
1722,2017-06-21 16:16:36.450,entering
1722,2017-06-22 09:20:23.350,exiting
1722,2017-06-22 11:08:12.300,exiting
1722,2017-06-22 12:32:13.100,entering
1722,2017-06-22 13:10:45.350,exiting
1722,2017-06-22 13:47:52.850,entering
1722,2017-06-22 14:26:46.100,exiting
1722,2017-06-22 15:15:44.250,entering
1722,2017-06-22 17:16:23.250,entering
1722,2017-06-23 10:21:56.250,entering
1722,2017-06-23 16:47:12.700,exiting
1722,2017-06-24 09:40:33.350,entering
1722,2017-06-24 10:25:27.300,entering
1722,2017-06-24 10:57:43.900,exiting
1722,2017-06-24 11:51:41.450,entering
1722,2017-06-24 14:15:49.550,exiting
1722,2017-06-24 15:00:56.650,entering
1722,2017-06-24 16:25:09.650,exiting
1722,2017-06-24 16:27:00.450,exiting
1722,2017-06-25 10:17:49.900,entering
1722,2017-06-25 10:34:29.050,exiting
1722,2017-06-25 14:28:38.850,entering
1722,2017-06-25 16:28:22.300,exiting
1722,2017-06-25 17:42:47.350,entering
1722,2017-06-26 08:35:33.000,exiting
1722,2017-06-26 09:57:57.650,entering
1722,2017-06-26 10:03:22.400,exiting
1722,2017-06-26 15:01:17.250,exiting
1722,2017-06-26 17:14:40.950,exiting
1722,2017-06-27 08:30:54.400,exiting
1722,2017-06-27 09:26:19.100,entering
1722,2017-06-27 09:28:54.050,exiting
1722,2017-06-27 10:14:09.050,exiting
1722,2017-06-27 11:24:16.650,entering
1722,2017-06-27 11:26:43.000,exiting
1722,2017-06-27 12:57:40.450,entering
1722,2017-06-27 15:23:10.050,exiting
1722,2017-06-27 15:33:57.450,entering
1722,2017-06-27 16:41:48.250,entering
1722,2017-06-28 08:18:22.850,exiting
1722,2017-06-28 10:42:54.300,exiting
1722,2017-06-28 11:57:54.050,exiting
661,2017-06-22 08:01:41.650,entering
661,2017-06-22 08:02:50.950,exiting
661,2017-06-22 13:57:57.300,exiting
661,2017-06-22 16:13:55.650,entering
661,2017-06-22 17:09:08.250,entering
2258,2017-06-22 11:49:10.700,entering
2258,2017-06-22 12:07:42.750,exiting
2258,2017-06-22 16:14:06.350,entering
2258,2017-06-24 11:52:27.800,entering
